"Data Source","World Development Indicators",

"Last Updated Date","2025-10-07",

"Country Name","Country Code","Indicator Name","Indicator Code","1960","1961","1962","1963","1964","1965","1966","1967","1968","1969","1970","1971","1972","1973","1974","1975","1976","1977","1978","1979","1980","1981","1982","1983","1984","1985","1986","1987","1988","1989","1990","1991","1992","1993","1994","1995","1996","1997","1998","1999","2000","2001","2002","2003","2004","2005","2006","2007","2008","2009","2010","2011","2012","2013","2014","2015","2016","2017","2018","2019","2020","2021","2022","2023","2024",
"Aruba","ABW","Mortality rate attributed to household and ambient air pollution, age-standardized (per 100,000 population)","SH.STA.AIRP.P5","","","","","","","","","","","","","","","","","","","","","","","","","","","","","","","","","","","","","","","","","","","","","","","","","","","","","","","","","","","","","","","","","",
"Africa Eastern and Southern","AFE","Mortality rate attributed to household and ambient air pollution, age-standardized (per 100,000 population)","SH.STA.AIRP.P5","","","","","","","","","","","","","","","","","","","","","","","","","","","","","","","","","","","","","","","","","","","","","","","","","","","","","","","","","","","","158.428355555057","","","","","",
"Afghanistan","AFG","Mortality rate attributed to household and ambient air pollution, age-standardized (per 100,000 population)","SH.STA.AIRP.P5","","","","","","","","","","","","","","","","","","","","","","","","","","","","","","","","","","","","","","","","","","","","","","","","","","","","","","","","","","","","265.7","","","","","",
"Africa Western and Central","AFW","Mortality rate attributed to household and ambient air pollution, age-standardized (per 100,000 population)","SH.STA.AIRP.P5","","","","","","","","","","","","","","","","","","","","","","","","","","","","","","","","","","","","","","","","","","","","","","","","","","","","","","","","","","","","182.838948313298","","","","","",
"Angola","AGO","Mortality rate attributed to household and ambient air pollution, age-standardized (per 100,000 population)","SH.STA.AIRP.P5","","","","","","","","","","","","","","","","","","","","","","","","","","","","","","","","","","","","","","","","","","","","","","","","","","","","","","","","","","","","142.8","","","","","",
"Albania","ALB","Mortality rate attributed to household and ambient air pollution, age-standardized (per 100,000 population)","SH.STA.AIRP.P5","","","","","","","","","","","","","","","","","","","","","","","","","","","","","","","","","","","","","","","","","","","","","","","","","","","","","","","","","","","","92.5","","","","","",
"Andorra","AND","Mortality rate attributed to household and ambient air pollution, age-standardized (per 100,000 population)","SH.STA.AIRP.P5","","","","","","","","","","","","","","","","","","","","","","","","","","","","","","","","","","","","","","","","","","","","","","","","","","","","","","","","","","","","","","","","","",
"Arab World","ARB","Mortality rate attributed to household and ambient air pollution, age-standardized (per 100,000 population)","SH.STA.AIRP.P5","","","","","","","","","","","","","","","","","","","","","","","","","","","","","","","","","","","","","","","","","","","","","","","","","","","","","","","","","","","","103.775508952357","","","","","",
"United Arab Emirates","ARE","Mortality rate attributed to household and ambient air pollution, age-standardized (per 100,000 population)","SH.STA.AIRP.P5","","","","","","","","","","","","","","","","","","","","","","","","","","","","","","","","","","","","","","","","","","","","","","","","","","","","","","","","","","","","70","","","","","",
"Argentina","ARG","Mortality rate attributed to household and ambient air pollution, age-standardized (per 100,000 population)","SH.STA.AIRP.P5","","","","","","","","","","","","","","","","","","","","","","","","","","","","","","","","","","","","","","","","","","","","","","","","","","","","","","","","","","","","29.7","","","","","",
"Armenia","ARM","Mortality rate attributed to household and ambient air pollution, age-standardized (per 100,000 population)","SH.STA.AIRP.P5","","","","","","","","","","","","","","","","","","","","","","","","","","","","","","","","","","","","","","","","","","","","","","","","","","","","","","","","","","","","74.5","","","","","",
"American Samoa","ASM","Mortality rate attributed to household and ambient air pollution, age-standardized (per 100,000 population)","SH.STA.AIRP.P5","","","","","","","","","","","","","","","","","","","","","","","","","","","","","","","","","","","","","","","","","","","","","","","","","","","","","","","","","","","","","","","","","",
"Antigua and Barbuda","ATG","Mortality rate attributed to household and ambient air pollution, age-standardized (per 100,000 population)","SH.STA.AIRP.P5","","","","","","","","","","","","","","","","","","","","","","","","","","","","","","","","","","","","","","","","","","","","","","","","","","","","","","","","","","","","19.3","","","","","",
"Australia","AUS","Mortality rate attributed to household and ambient air pollution, age-standardized (per 100,000 population)","SH.STA.AIRP.P5","","","","","","","","","","","","","","","","","","","","","","","","","","","","","","","","","","","","","","","","","","","","","","","","","","","","","","","","","","","","9.8","","","","","",
"Austria","AUT","Mortality rate attributed to household and ambient air pollution, age-standardized (per 100,000 population)","SH.STA.AIRP.P5","","","","","","","","","","","","","","","","","","","","","","","","","","","","","","","","","","","","","","","","","","","","","","","","","","","","","","","","","","","","17.5","","","","","",
"Azerbaijan","AZE","Mortality rate attributed to household and ambient air pollution, age-standardized (per 100,000 population)","SH.STA.AIRP.P5","","","","","","","","","","","","","","","","","","","","","","","","","","","","","","","","","","","","","","","","","","","","","","","","","","","","","","","","","","","","125.2","","","","","",
"Burundi","BDI","Mortality rate attributed to household and ambient air pollution, age-standardized (per 100,000 population)","SH.STA.AIRP.P5","","","","","","","","","","","","","","","","","","","","","","","","","","","","","","","","","","","","","","","","","","","","","","","","","","","","","","","","","","","","205.9","","","","","",
"Belgium","BEL","Mortality rate attributed to household and ambient air pollution, age-standardized (per 100,000 population)","SH.STA.AIRP.P5","","","","","","","","","","","","","","","","","","","","","","","","","","","","","","","","","","","","","","","","","","","","","","","","","","","","","","","","","","","","15.3","","","","","",
"Benin","BEN","Mortality rate attributed to household and ambient air pollution, age-standardized (per 100,000 population)","SH.STA.AIRP.P5","","","","","","","","","","","","","","","","","","","","","","","","","","","","","","","","","","","","","","","","","","","","","","","","","","","","","","","","","","","","201.8","","","","","",
"Burkina Faso","BFA","Mortality rate attributed to household and ambient air pollution, age-standardized (per 100,000 population)","SH.STA.AIRP.P5","","","","","","","","","","","","","","","","","","","","","","","","","","","","","","","","","","","","","","","","","","","","","","","","","","","","","","","","","","","","201.3","","","","","",
"Bangladesh","BGD","Mortality rate attributed to household and ambient air pollution, age-standardized (per 100,000 population)","SH.STA.AIRP.P5","","","","","","","","","","","","","","","","","","","","","","","","","","","","","","","","","","","","","","","","","","","","","","","","","","","","","","","","","","","","143.9","","","","","",
"Bulgaria","BGR","Mortality rate attributed to household and ambient air pollution, age-standardized (per 100,000 population)","SH.STA.AIRP.P5","","","","","","","","","","","","","","","","","","","","","","","","","","","","","","","","","","","","","","","","","","","","","","","","","","","","","","","","","","","","62.9","","","","","",
"Bahrain","BHR","Mortality rate attributed to household and ambient air pollution, age-standardized (per 100,000 population)","SH.STA.AIRP.P5","","","","","","","","","","","","","","","","","","","","","","","","","","","","","","","","","","","","","","","","","","","","","","","","","","","","","","","","","","","","68.1","","","","","",
"Bahamas, The","BHS","Mortality rate attributed to household and ambient air pollution, age-standardized (per 100,000 population)","SH.STA.AIRP.P5","","","","","","","","","","","","","","","","","","","","","","","","","","","","","","","","","","","","","","","","","","","","","","","","","","","","","","","","","","","","10.4","","","","","",
"Bosnia and Herzegovina","BIH","Mortality rate attributed to household and ambient air pollution, age-standardized (per 100,000 population)","SH.STA.AIRP.P5","","","","","","","","","","","","","","","","","","","","","","","","","","","","","","","","","","","","","","","","","","","","","","","","","","","","","","","","","","","","113.9","","","","","",
"Belarus","BLR","Mortality rate attributed to household and ambient air pollution, age-standardized (per 100,000 population)","SH.STA.AIRP.P5","","","","","","","","","","","","","","","","","","","","","","","","","","","","","","","","","","","","","","","","","","","","","","","","","","","","","","","","","","","","69.9","","","","","",
"Belize","BLZ","Mortality rate attributed to household and ambient air pollution, age-standardized (per 100,000 population)","SH.STA.AIRP.P5","","","","","","","","","","","","","","","","","","","","","","","","","","","","","","","","","","","","","","","","","","","","","","","","","","","","","","","","","","","","41","","","","","",
"Bermuda","BMU","Mortality rate attributed to household and ambient air pollution, age-standardized (per 100,000 population)","SH.STA.AIRP.P5","","","","","","","","","","","","","","","","","","","","","","","","","","","","","","","","","","","","","","","","","","","","","","","","","","","","","","","","","","","","","","","","","",
"Bolivia","BOL","Mortality rate attributed to household and ambient air pollution, age-standardized (per 100,000 population)","SH.STA.AIRP.P5","","","","","","","","","","","","","","","","","","","","","","","","","","","","","","","","","","","","","","","","","","","","","","","","","","","","","","","","","","","","77.1","","","","","",
"Brazil","BRA","Mortality rate attributed to household and ambient air pollution, age-standardized (per 100,000 population)","SH.STA.AIRP.P5","","","","","","","","","","","","","","","","","","","","","","","","","","","","","","","","","","","","","","","","","","","","","","","","","","","","","","","","","","","","28.9","","","","","",
"Barbados","BRB","Mortality rate attributed to household and ambient air pollution, age-standardized (per 100,000 population)","SH.STA.AIRP.P5","","","","","","","","","","","","","","","","","","","","","","","","","","","","","","","","","","","","","","","","","","","","","","","","","","","","","","","","","","","","18.8","","","","","",
"Brunei Darussalam","BRN","Mortality rate attributed to household and ambient air pollution, age-standardized (per 100,000 population)","SH.STA.AIRP.P5","","","","","","","","","","","","","","","","","","","","","","","","","","","","","","","","","","","","","","","","","","","","","","","","","","","","","","","","","","","","19.6","","","","","",
"Bhutan","BTN","Mortality rate attributed to household and ambient air pollution, age-standardized (per 100,000 population)","SH.STA.AIRP.P5","","","","","","","","","","","","","","","","","","","","","","","","","","","","","","","","","","","","","","","","","","","","","","","","","","","","","","","","","","","","94.3","","","","","",
"Botswana","BWA","Mortality rate attributed to household and ambient air pollution, age-standardized (per 100,000 population)","SH.STA.AIRP.P5","","","","","","","","","","","","","","","","","","","","","","","","","","","","","","","","","","","","","","","","","","","","","","","","","","","","","","","","","","","","140.7","","","","","",
"Central African Republic","CAF","Mortality rate attributed to household and ambient air pollution, age-standardized (per 100,000 population)","SH.STA.AIRP.P5","","","","","","","","","","","","","","","","","","","","","","","","","","","","","","","","","","","","","","","","","","","","","","","","","","","","","","","","","","","","305.1","","","","","",
"Canada","CAN","Mortality rate attributed to household and ambient air pollution, age-standardized (per 100,000 population)","SH.STA.AIRP.P5","","","","","","","","","","","","","","","","","","","","","","","","","","","","","","","","","","","","","","","","","","","","","","","","","","","","","","","","","","","","8.1","","","","","",
"Central Europe and the Baltics","CEB","Mortality rate attributed to household and ambient air pollution, age-standardized (per 100,000 population)","SH.STA.AIRP.P5","","","","","","","","","","","","","","","","","","","","","","","","","","","","","","","","","","","","","","","","","","","","","","","","","","","","","","","","","","","","44.8659906651865","","","","","",
"Switzerland","CHE","Mortality rate attributed to household and ambient air pollution, age-standardized (per 100,000 population)","SH.STA.AIRP.P5","","","","","","","","","","","","","","","","","","","","","","","","","","","","","","","","","","","","","","","","","","","","","","","","","","","","","","","","","","","","10.4","","","","","",
"Channel Islands","CHI","Mortality rate attributed to household and ambient air pollution, age-standardized (per 100,000 population)","SH.STA.AIRP.P5","","","","","","","","","","","","","","","","","","","","","","","","","","","","","","","","","","","","","","","","","","","","","","","","","","","","","","","","","","","","","","","","","",
"Chile","CHL","Mortality rate attributed to household and ambient air pollution, age-standardized (per 100,000 population)","SH.STA.AIRP.P5","","","","","","","","","","","","","","","","","","","","","","","","","","","","","","","","","","","","","","","","","","","","","","","","","","","","","","","","","","","","17.9","","","","","",
"China","CHN","Mortality rate attributed to household and ambient air pollution, age-standardized (per 100,000 population)","SH.STA.AIRP.P5","","","","","","","","","","","","","","","","","","","","","","","","","","","","","","","","","","","","","","","","","","","","","","","","","","","","","","","","","","","","95.3","","","","","",
"Cote d'Ivoire","CIV","Mortality rate attributed to household and ambient air pollution, age-standardized (per 100,000 population)","SH.STA.AIRP.P5","","","","","","","","","","","","","","","","","","","","","","","","","","","","","","","","","","","","","","","","","","","","","","","","","","","","","","","","","","","","186.5","","","","","",
"Cameroon","CMR","Mortality rate attributed to household and ambient air pollution, age-standardized (per 100,000 population)","SH.STA.AIRP.P5","","","","","","","","","","","","","","","","","","","","","","","","","","","","","","","","","","","","","","","","","","","","","","","","","","","","","","","","","","","","206.7","","","","","",
"Congo, Dem. Rep.","COD","Mortality rate attributed to household and ambient air pollution, age-standardized (per 100,000 population)","SH.STA.AIRP.P5","","","","","","","","","","","","","","","","","","","","","","","","","","","","","","","","","","","","","","","","","","","","","","","","","","","","","","","","","","","","209.8","","","","","",
"Congo, Rep.","COG","Mortality rate attributed to household and ambient air pollution, age-standardized (per 100,000 population)","SH.STA.AIRP.P5","","","","","","","","","","","","","","","","","","","","","","","","","","","","","","","","","","","","","","","","","","","","","","","","","","","","","","","","","","","","170.4","","","","","",
"Colombia","COL","Mortality rate attributed to household and ambient air pollution, age-standardized (per 100,000 population)","SH.STA.AIRP.P5","","","","","","","","","","","","","","","","","","","","","","","","","","","","","","","","","","","","","","","","","","","","","","","","","","","","","","","","","","","","31.3","","","","","",
"Comoros","COM","Mortality rate attributed to household and ambient air pollution, age-standardized (per 100,000 population)","SH.STA.AIRP.P5","","","","","","","","","","","","","","","","","","","","","","","","","","","","","","","","","","","","","","","","","","","","","","","","","","","","","","","","","","","","164.6","","","","","",
"Cabo Verde","CPV","Mortality rate attributed to household and ambient air pollution, age-standardized (per 100,000 population)","SH.STA.AIRP.P5","","","","","","","","","","","","","","","","","","","","","","","","","","","","","","","","","","","","","","","","","","","","","","","","","","","","","","","","","","","","91.2","","","","","",
"Costa Rica","CRI","Mortality rate attributed to household and ambient air pollution, age-standardized (per 100,000 population)","SH.STA.AIRP.P5","","","","","","","","","","","","","","","","","","","","","","","","","","","","","","","","","","","","","","","","","","","","","","","","","","","","","","","","","","","","17.8","","","","","",
"Caribbean small states","CSS","Mortality rate attributed to household and ambient air pollution, age-standardized (per 100,000 population)","SH.STA.AIRP.P5","","","","","","","","","","","","","","","","","","","","","","","","","","","","","","","","","","","","","","","","","","","","","","","","","","","","","","","","","","","","40.7019406686502","","","","","",
"Cuba","CUB","Mortality rate attributed to household and ambient air pollution, age-standardized (per 100,000 population)","SH.STA.AIRP.P5","","","","","","","","","","","","","","","","","","","","","","","","","","","","","","","","","","","","","","","","","","","","","","","","","","","","","","","","","","","","41.9","","","","","",
"Curacao","CUW","Mortality rate attributed to household and ambient air pollution, age-standardized (per 100,000 population)","SH.STA.AIRP.P5","","","","","","","","","","","","","","","","","","","","","","","","","","","","","","","","","","","","","","","","","","","","","","","","","","","","","","","","","","","","","","","","","",
"Cayman Islands","CYM","Mortality rate attributed to household and ambient air pollution, age-standardized (per 100,000 population)","SH.STA.AIRP.P5","","","","","","","","","","","","","","","","","","","","","","","","","","","","","","","","","","","","","","","","","","","","","","","","","","","","","","","","","","","","","","","","","",
"Cyprus","CYP","Mortality rate attributed to household and ambient air pollution, age-standardized (per 100,000 population)","SH.STA.AIRP.P5","","","","","","","","","","","","","","","","","","","","","","","","","","","","","","","","","","","","","","","","","","","","","","","","","","","","","","","","","","","","15.8","","","","","",
"Czechia","CZE","Mortality rate attributed to household and ambient air pollution, age-standardized (per 100,000 population)","SH.STA.AIRP.P5","","","","","","","","","","","","","","","","","","","","","","","","","","","","","","","","","","","","","","","","","","","","","","","","","","","","","","","","","","","","32.5","","","","","",
"Germany","DEU","Mortality rate attributed to household and ambient air pollution, age-standardized (per 100,000 population)","SH.STA.AIRP.P5","","","","","","","","","","","","","","","","","","","","","","","","","","","","","","","","","","","","","","","","","","","","","","","","","","","","","","","","","","","","14.7","","","","","",
"Djibouti","DJI","Mortality rate attributed to household and ambient air pollution, age-standardized (per 100,000 population)","SH.STA.AIRP.P5","","","","","","","","","","","","","","","","","","","","","","","","","","","","","","","","","","","","","","","","","","","","","","","","","","","","","","","","","","","","177.9","","","","","",
"Dominica","DMA","Mortality rate attributed to household and ambient air pollution, age-standardized (per 100,000 population)","SH.STA.AIRP.P5","","","","","","","","","","","","","","","","","","","","","","","","","","","","","","","","","","","","","","","","","","","","","","","","","","","","","","","","","","","","","","","","","",
"Denmark","DNK","Mortality rate attributed to household and ambient air pollution, age-standardized (per 100,000 population)","SH.STA.AIRP.P5","","","","","","","","","","","","","","","","","","","","","","","","","","","","","","","","","","","","","","","","","","","","","","","","","","","","","","","","","","","","12.9","","","","","",
"Dominican Republic","DOM","Mortality rate attributed to household and ambient air pollution, age-standardized (per 100,000 population)","SH.STA.AIRP.P5","","","","","","","","","","","","","","","","","","","","","","","","","","","","","","","","","","","","","","","","","","","","","","","","","","","","","","","","","","","","41.3","","","","","",
"Algeria","DZA","Mortality rate attributed to household and ambient air pollution, age-standardized (per 100,000 population)","SH.STA.AIRP.P5","","","","","","","","","","","","","","","","","","","","","","","","","","","","","","","","","","","","","","","","","","","","","","","","","","","","","","","","","","","","49.7","","","","","",
"East Asia & Pacific (excluding high income)","EAP","Mortality rate attributed to household and ambient air pollution, age-standardized (per 100,000 population)","SH.STA.AIRP.P5","","","","","","","","","","","","","","","","","","","","","","","","","","","","","","","","","","","","","","","","","","","","","","","","","","","","","","","","","","","","104.758497712364","","","","","",
"Early-demographic dividend","EAR","Mortality rate attributed to household and ambient air pollution, age-standardized (per 100,000 population)","SH.STA.AIRP.P5","","","","","","","","","","","","","","","","","","","","","","","","","","","","","","","","","","","","","","","","","","","","","","","","","","","","","","","","","","","","126.808580206607","","","","","",
"East Asia & Pacific","EAS","Mortality rate attributed to household and ambient air pollution, age-standardized (per 100,000 population)","SH.STA.AIRP.P5","","","","","","","","","","","","","","","","","","","","","","","","","","","","","","","","","","","","","","","","","","","","","","","","","","","","","","","","","","","","96.3426690439241","","","","","",
"Europe & Central Asia (excluding high income)","ECA","Mortality rate attributed to household and ambient air pollution, age-standardized (per 100,000 population)","SH.STA.AIRP.P5","","","","","","","","","","","","","","","","","","","","","","","","","","","","","","","","","","","","","","","","","","","","","","","","","","","","","","","","","","","","86.317926181075","","","","","",
"Europe & Central Asia","ECS","Mortality rate attributed to household and ambient air pollution, age-standardized (per 100,000 population)","SH.STA.AIRP.P5","","","","","","","","","","","","","","","","","","","","","","","","","","","","","","","","","","","","","","","","","","","","","","","","","","","","","","","","","","","","44.7358452433005","","","","","",
"Ecuador","ECU","Mortality rate attributed to household and ambient air pollution, age-standardized (per 100,000 population)","SH.STA.AIRP.P5","","","","","","","","","","","","","","","","","","","","","","","","","","","","","","","","","","","","","","","","","","","","","","","","","","","","","","","","","","","","28.1","","","","","",
"Egypt, Arab Rep.","EGY","Mortality rate attributed to household and ambient air pollution, age-standardized (per 100,000 population)","SH.STA.AIRP.P5","","","","","","","","","","","","","","","","","","","","","","","","","","","","","","","","","","","","","","","","","","","","","","","","","","","","","","","","","","","","105.6","","","","","",
"Euro area","EMU","Mortality rate attributed to household and ambient air pollution, age-standardized (per 100,000 population)","SH.STA.AIRP.P5","","","","","","","","","","","","","","","","","","","","","","","","","","","","","","","","","","","","","","","","","","","","","","","","","","","","","","","","","","","","13.9946070960159","","","","","",
"Eritrea","ERI","Mortality rate attributed to household and ambient air pollution, age-standardized (per 100,000 population)","SH.STA.AIRP.P5","","","","","","","","","","","","","","","","","","","","","","","","","","","","","","","","","","","","","","","","","","","","","","","","","","","","","","","","","","","","237.4","","","","","",
"Spain","ESP","Mortality rate attributed to household and ambient air pollution, age-standardized (per 100,000 population)","SH.STA.AIRP.P5","","","","","","","","","","","","","","","","","","","","","","","","","","","","","","","","","","","","","","","","","","","","","","","","","","","","","","","","","","","","10.1","","","","","",
"Estonia","EST","Mortality rate attributed to household and ambient air pollution, age-standardized (per 100,000 population)","SH.STA.AIRP.P5","","","","","","","","","","","","","","","","","","","","","","","","","","","","","","","","","","","","","","","","","","","","","","","","","","","","","","","","","","","","12.8","","","","","",
"Ethiopia","ETH","Mortality rate attributed to household and ambient air pollution, age-standardized (per 100,000 population)","SH.STA.AIRP.P5","","","","","","","","","","","","","","","","","","","","","","","","","","","","","","","","","","","","","","","","","","","","","","","","","","","","","","","","","","","","142.5","","","","","",
"European Union","EUU","Mortality rate attributed to household and ambient air pollution, age-standardized (per 100,000 population)","SH.STA.AIRP.P5","","","","","","","","","","","","","","","","","","","","","","","","","","","","","","","","","","","","","","","","","","","","","","","","","","","","","","","","","","","","20.2426533467097","","","","","",
"Fragile and conflict affected situations","FCS","Mortality rate attributed to household and ambient air pollution, age-standardized (per 100,000 population)","SH.STA.AIRP.P5","","","","","","","","","","","","","","","","","","","","","","","","","","","","","","","","","","","","","","","","","","","","","","","","","","","","","","","","","","","","167.436755454096","","","","","",
"Finland","FIN","Mortality rate attributed to household and ambient air pollution, age-standardized (per 100,000 population)","SH.STA.AIRP.P5","","","","","","","","","","","","","","","","","","","","","","","","","","","","","","","","","","","","","","","","","","","","","","","","","","","","","","","","","","","","7.4","","","","","",
"Fiji","FJI","Mortality rate attributed to household and ambient air pollution, age-standardized (per 100,000 population)","SH.STA.AIRP.P5","","","","","","","","","","","","","","","","","","","","","","","","","","","","","","","","","","","","","","","","","","","","","","","","","","","","","","","","","","","","118.7","","","","","",
"France","FRA","Mortality rate attributed to household and ambient air pollution, age-standardized (per 100,000 population)","SH.STA.AIRP.P5","","","","","","","","","","","","","","","","","","","","","","","","","","","","","","","","","","","","","","","","","","","","","","","","","","","","","","","","","","","","10","","","","","",
"Faroe Islands","FRO","Mortality rate attributed to household and ambient air pollution, age-standardized (per 100,000 population)","SH.STA.AIRP.P5","","","","","","","","","","","","","","","","","","","","","","","","","","","","","","","","","","","","","","","","","","","","","","","","","","","","","","","","","","","","","","","","","",
"Micronesia, Fed. Sts.","FSM","Mortality rate attributed to household and ambient air pollution, age-standardized (per 100,000 population)","SH.STA.AIRP.P5","","","","","","","","","","","","","","","","","","","","","","","","","","","","","","","","","","","","","","","","","","","","","","","","","","","","","","","","","","","","254","","","","","",
"Gabon","GAB","Mortality rate attributed to household and ambient air pollution, age-standardized (per 100,000 population)","SH.STA.AIRP.P5","","","","","","","","","","","","","","","","","","","","","","","","","","","","","","","","","","","","","","","","","","","","","","","","","","","","","","","","","","","","78.3","","","","","",
"United Kingdom","GBR","Mortality rate attributed to household and ambient air pollution, age-standardized (per 100,000 population)","SH.STA.AIRP.P5","","","","","","","","","","","","","","","","","","","","","","","","","","","","","","","","","","","","","","","","","","","","","","","","","","","","","","","","","","","","13.4","","","","","",
"Georgia","GEO","Mortality rate attributed to household and ambient air pollution, age-standardized (per 100,000 population)","SH.STA.AIRP.P5","","","","","","","","","","","","","","","","","","","","","","","","","","","","","","","","","","","","","","","","","","","","","","","","","","","","","","","","","","","","92.8","","","","","",
"Ghana","GHA","Mortality rate attributed to household and ambient air pollution, age-standardized (per 100,000 population)","SH.STA.AIRP.P5","","","","","","","","","","","","","","","","","","","","","","","","","","","","","","","","","","","","","","","","","","","","","","","","","","","","","","","","","","","","193.6","","","","","",
"Gibraltar","GIB","Mortality rate attributed to household and ambient air pollution, age-standardized (per 100,000 population)","SH.STA.AIRP.P5","","","","","","","","","","","","","","","","","","","","","","","","","","","","","","","","","","","","","","","","","","","","","","","","","","","","","","","","","","","","","","","","","",
"Guinea","GIN","Mortality rate attributed to household and ambient air pollution, age-standardized (per 100,000 population)","SH.STA.AIRP.P5","","","","","","","","","","","","","","","","","","","","","","","","","","","","","","","","","","","","","","","","","","","","","","","","","","","","","","","","","","","","238","","","","","",
"Gambia, The","GMB","Mortality rate attributed to household and ambient air pollution, age-standardized (per 100,000 population)","SH.STA.AIRP.P5","","","","","","","","","","","","","","","","","","","","","","","","","","","","","","","","","","","","","","","","","","","","","","","","","","","","","","","","","","","","220.5","","","","","",
"Guinea-Bissau","GNB","Mortality rate attributed to household and ambient air pollution, age-standardized (per 100,000 population)","SH.STA.AIRP.P5","","","","","","","","","","","","","","","","","","","","","","","","","","","","","","","","","","","","","","","","","","","","","","","","","","","","","","","","","","","","228.8","","","","","",
"Equatorial Guinea","GNQ","Mortality rate attributed to household and ambient air pollution, age-standardized (per 100,000 population)","SH.STA.AIRP.P5","","","","","","","","","","","","","","","","","","","","","","","","","","","","","","","","","","","","","","","","","","","","","","","","","","","","","","","","","","","","165.7","","","","","",
"Greece","GRC","Mortality rate attributed to household and ambient air pollution, age-standardized (per 100,000 population)","SH.STA.AIRP.P5","","","","","","","","","","","","","","","","","","","","","","","","","","","","","","","","","","","","","","","","","","","","","","","","","","","","","","","","","","","","23","","","","","",
"Grenada","GRD","Mortality rate attributed to household and ambient air pollution, age-standardized (per 100,000 population)","SH.STA.AIRP.P5","","","","","","","","","","","","","","","","","","","","","","","","","","","","","","","","","","","","","","","","","","","","","","","","","","","","","","","","","","","","47.4","","","","","",
"Greenland","GRL","Mortality rate attributed to household and ambient air pollution, age-standardized (per 100,000 population)","SH.STA.AIRP.P5","","","","","","","","","","","","","","","","","","","","","","","","","","","","","","","","","","","","","","","","","","","","","","","","","","","","","","","","","","","","","","","","","",
"Guatemala","GTM","Mortality rate attributed to household and ambient air pollution, age-standardized (per 100,000 population)","SH.STA.AIRP.P5","","","","","","","","","","","","","","","","","","","","","","","","","","","","","","","","","","","","","","","","","","","","","","","","","","","","","","","","","","","","91","","","","","",
"Guam","GUM","Mortality rate attributed to household and ambient air pollution, age-standardized (per 100,000 population)","SH.STA.AIRP.P5","","","","","","","","","","","","","","","","","","","","","","","","","","","","","","","","","","","","","","","","","","","","","","","","","","","","","","","","","","","","","","","","","",
"Guyana","GUY","Mortality rate attributed to household and ambient air pollution, age-standardized (per 100,000 population)","SH.STA.AIRP.P5","","","","","","","","","","","","","","","","","","","","","","","","","","","","","","","","","","","","","","","","","","","","","","","","","","","","","","","","","","","","95.7","","","","","",
"High income","HIC","Mortality rate attributed to household and ambient air pollution, age-standardized (per 100,000 population)","SH.STA.AIRP.P5","","","","","","","","","","","","","","","","","","","","","","","","","","","","","","","","","","","","","","","","","","","","","","","","","","","","","","","","","","","","24.4203219242634","","","","","",
"Hong Kong SAR, China","HKG","Mortality rate attributed to household and ambient air pollution, age-standardized (per 100,000 population)","SH.STA.AIRP.P5","","","","","","","","","","","","","","","","","","","","","","","","","","","","","","","","","","","","","","","","","","","","","","","","","","","","","","","","","","","","","","","","","",
"Honduras","HND","Mortality rate attributed to household and ambient air pollution, age-standardized (per 100,000 population)","SH.STA.AIRP.P5","","","","","","","","","","","","","","","","","","","","","","","","","","","","","","","","","","","","","","","","","","","","","","","","","","","","","","","","","","","","112.5","","","","","",
"Heavily indebted poor countries (HIPC)","HPC","Mortality rate attributed to household and ambient air pollution, age-standardized (per 100,000 population)","SH.STA.AIRP.P5","","","","","","","","","","","","","","","","","","","","","","","","","","","","","","","","","","","","","","","","","","","","","","","","","","","","","","","","","","","","181.850593685821","","","","","",
"Croatia","HRV","Mortality rate attributed to household and ambient air pollution, age-standardized (per 100,000 population)","SH.STA.AIRP.P5","","","","","","","","","","","","","","","","","","","","","","","","","","","","","","","","","","","","","","","","","","","","","","","","","","","","","","","","","","","","31.3","","","","","",
"Haiti","HTI","Mortality rate attributed to household and ambient air pollution, age-standardized (per 100,000 population)","SH.STA.AIRP.P5","","","","","","","","","","","","","","","","","","","","","","","","","","","","","","","","","","","","","","","","","","","","","","","","","","","","","","","","","","","","206.4","","","","","",
"Hungary","HUN","Mortality rate attributed to household and ambient air pollution, age-standardized (per 100,000 population)","SH.STA.AIRP.P5","","","","","","","","","","","","","","","","","","","","","","","","","","","","","","","","","","","","","","","","","","","","","","","","","","","","","","","","","","","","42.3","","","","","",
"IBRD only","IBD","Mortality rate attributed to household and ambient air pollution, age-standardized (per 100,000 population)","SH.STA.AIRP.P5","","","","","","","","","","","","","","","","","","","","","","","","","","","","","","","","","","","","","","","","","","","","","","","","","","","","","","","","","","","","98.6433616164707","","","","","",
"IDA & IBRD total","IBT","Mortality rate attributed to household and ambient air pollution, age-standardized (per 100,000 population)","SH.STA.AIRP.P5","","","","","","","","","","","","","","","","","","","","","","","","","","","","","","","","","","","","","","","","","","","","","","","","","","","","","","","","","","","","118.558864287136","","","","","",
"IDA total","IDA","Mortality rate attributed to household and ambient air pollution, age-standardized (per 100,000 population)","SH.STA.AIRP.P5","","","","","","","","","","","","","","","","","","","","","","","","","","","","","","","","","","","","","","","","","","","","","","","","","","","","","","","","","","","","173.787016322291","","","","","",
"IDA blend","IDB","Mortality rate attributed to household and ambient air pollution, age-standardized (per 100,000 population)","SH.STA.AIRP.P5","","","","","","","","","","","","","","","","","","","","","","","","","","","","","","","","","","","","","","","","","","","","","","","","","","","","","","","","","","","","175.202347314304","","","","","",
"Indonesia","IDN","Mortality rate attributed to household and ambient air pollution, age-standardized (per 100,000 population)","SH.STA.AIRP.P5","","","","","","","","","","","","","","","","","","","","","","","","","","","","","","","","","","","","","","","","","","","","","","","","","","","","","","","","","","","","96.1","","","","","",
"IDA only","IDX","Mortality rate attributed to household and ambient air pollution, age-standardized (per 100,000 population)","SH.STA.AIRP.P5","","","","","","","","","","","","","","","","","","","","","","","","","","","","","","","","","","","","","","","","","","","","","","","","","","","","","","","","","","","","173.02026742926","","","","","",
"Isle of Man","IMN","Mortality rate attributed to household and ambient air pollution, age-standardized (per 100,000 population)","SH.STA.AIRP.P5","","","","","","","","","","","","","","","","","","","","","","","","","","","","","","","","","","","","","","","","","","","","","","","","","","","","","","","","","","","","","","","","","",
"India","IND","Mortality rate attributed to household and ambient air pollution, age-standardized (per 100,000 population)","SH.STA.AIRP.P5","","","","","","","","","","","","","","","","","","","","","","","","","","","","","","","","","","","","","","","","","","","","","","","","","","","","","","","","","","","","139.3","","","","","",
"Not classified","INX","Mortality rate attributed to household and ambient air pollution, age-standardized (per 100,000 population)","SH.STA.AIRP.P5","","","","","","","","","","","","","","","","","","","","","","","","","","","","","","","","","","","","","","","","","","","","","","","","","","","","","","","","","","","","","","","","","",
"Ireland","IRL","Mortality rate attributed to household and ambient air pollution, age-standardized (per 100,000 population)","SH.STA.AIRP.P5","","","","","","","","","","","","","","","","","","","","","","","","","","","","","","","","","","","","","","","","","","","","","","","","","","","","","","","","","","","","12.8","","","","","",
"Iran, Islamic Rep.","IRN","Mortality rate attributed to household and ambient air pollution, age-standardized (per 100,000 population)","SH.STA.AIRP.P5","","","","","","","","","","","","","","","","","","","","","","","","","","","","","","","","","","","","","","","","","","","","","","","","","","","","","","","","","","","","58.1","","","","","",
"Iraq","IRQ","Mortality rate attributed to household and ambient air pollution, age-standardized (per 100,000 population)","SH.STA.AIRP.P5","","","","","","","","","","","","","","","","","","","","","","","","","","","","","","","","","","","","","","","","","","","","","","","","","","","","","","","","","","","","89.7","","","","","",
"Iceland","ISL","Mortality rate attributed to household and ambient air pollution, age-standardized (per 100,000 population)","SH.STA.AIRP.P5","","","","","","","","","","","","","","","","","","","","","","","","","","","","","","","","","","","","","","","","","","","","","","","","","","","","","","","","","","","","8.2","","","","","",
"Israel","ISR","Mortality rate attributed to household and ambient air pollution, age-standardized (per 100,000 population)","SH.STA.AIRP.P5","","","","","","","","","","","","","","","","","","","","","","","","","","","","","","","","","","","","","","","","","","","","","","","","","","","","","","","","","","","","15.1","","","","","",
"Italy","ITA","Mortality rate attributed to household and ambient air pollution, age-standardized (per 100,000 population)","SH.STA.AIRP.P5","","","","","","","","","","","","","","","","","","","","","","","","","","","","","","","","","","","","","","","","","","","","","","","","","","","","","","","","","","","","15","","","","","",
"Jamaica","JAM","Mortality rate attributed to household and ambient air pollution, age-standardized (per 100,000 population)","SH.STA.AIRP.P5","","","","","","","","","","","","","","","","","","","","","","","","","","","","","","","","","","","","","","","","","","","","","","","","","","","","","","","","","","","","35.9","","","","","",
"Jordan","JOR","Mortality rate attributed to household and ambient air pollution, age-standardized (per 100,000 population)","SH.STA.AIRP.P5","","","","","","","","","","","","","","","","","","","","","","","","","","","","","","","","","","","","","","","","","","","","","","","","","","","","","","","","","","","","38.7","","","","","",
"Japan","JPN","Mortality rate attributed to household and ambient air pollution, age-standardized (per 100,000 population)","SH.STA.AIRP.P5","","","","","","","","","","","","","","","","","","","","","","","","","","","","","","","","","","","","","","","","","","","","","","","","","","","","","","","","","","","","11.8","","","","","",
"Kazakhstan","KAZ","Mortality rate attributed to household and ambient air pollution, age-standardized (per 100,000 population)","SH.STA.AIRP.P5","","","","","","","","","","","","","","","","","","","","","","","","","","","","","","","","","","","","","","","","","","","","","","","","","","","","","","","","","","","","83.4","","","","","",
"Kenya","KEN","Mortality rate attributed to household and ambient air pollution, age-standardized (per 100,000 population)","SH.STA.AIRP.P5","","","","","","","","","","","","","","","","","","","","","","","","","","","","","","","","","","","","","","","","","","","","","","","","","","","","","","","","","","","","131.9","","","","","",
"Kyrgyz Republic","KGZ","Mortality rate attributed to household and ambient air pollution, age-standardized (per 100,000 population)","SH.STA.AIRP.P5","","","","","","","","","","","","","","","","","","","","","","","","","","","","","","","","","","","","","","","","","","","","","","","","","","","","","","","","","","","","124.9","","","","","",
"Cambodia","KHM","Mortality rate attributed to household and ambient air pollution, age-standardized (per 100,000 population)","SH.STA.AIRP.P5","","","","","","","","","","","","","","","","","","","","","","","","","","","","","","","","","","","","","","","","","","","","","","","","","","","","","","","","","","","","163.3","","","","","",
"Kiribati","KIR","Mortality rate attributed to household and ambient air pollution, age-standardized (per 100,000 population)","SH.STA.AIRP.P5","","","","","","","","","","","","","","","","","","","","","","","","","","","","","","","","","","","","","","","","","","","","","","","","","","","","","","","","","","","","246.6","","","","","",
"St. Kitts and Nevis","KNA","Mortality rate attributed to household and ambient air pollution, age-standardized (per 100,000 population)","SH.STA.AIRP.P5","","","","","","","","","","","","","","","","","","","","","","","","","","","","","","","","","","","","","","","","","","","","","","","","","","","","","","","","","","","","","","","","","",
"Korea, Rep.","KOR","Mortality rate attributed to household and ambient air pollution, age-standardized (per 100,000 population)","SH.STA.AIRP.P5","","","","","","","","","","","","","","","","","","","","","","","","","","","","","","","","","","","","","","","","","","","","","","","","","","","","","","","","","","","","18.9","","","","","",
"Kuwait","KWT","Mortality rate attributed to household and ambient air pollution, age-standardized (per 100,000 population)","SH.STA.AIRP.P5","","","","","","","","","","","","","","","","","","","","","","","","","","","","","","","","","","","","","","","","","","","","","","","","","","","","","","","","","","","","45.2","","","","","",
"Latin America & Caribbean (excluding high income)","LAC","Mortality rate attributed to household and ambient air pollution, age-standardized (per 100,000 population)","SH.STA.AIRP.P5","","","","","","","","","","","","","","","","","","","","","","","","","","","","","","","","","","","","","","","","","","","","","","","","","","","","","","","","","","","","42.4612853399571","","","","","",
"Lao PDR","LAO","Mortality rate attributed to household and ambient air pollution, age-standardized (per 100,000 population)","SH.STA.AIRP.P5","","","","","","","","","","","","","","","","","","","","","","","","","","","","","","","","","","","","","","","","","","","","","","","","","","","","","","","","","","","","195.3","","","","","",
"Lebanon","LBN","Mortality rate attributed to household and ambient air pollution, age-standardized (per 100,000 population)","SH.STA.AIRP.P5","","","","","","","","","","","","","","","","","","","","","","","","","","","","","","","","","","","","","","","","","","","","","","","","","","","","","","","","","","","","58.6","","","","","",
"Liberia","LBR","Mortality rate attributed to household and ambient air pollution, age-standardized (per 100,000 population)","SH.STA.AIRP.P5","","","","","","","","","","","","","","","","","","","","","","","","","","","","","","","","","","","","","","","","","","","","","","","","","","","","","","","","","","","","152.7","","","","","",
"Libya","LBY","Mortality rate attributed to household and ambient air pollution, age-standardized (per 100,000 population)","SH.STA.AIRP.P5","","","","","","","","","","","","","","","","","","","","","","","","","","","","","","","","","","","","","","","","","","","","","","","","","","","","","","","","","","","","53.9","","","","","",
"St. Lucia","LCA","Mortality rate attributed to household and ambient air pollution, age-standardized (per 100,000 population)","SH.STA.AIRP.P5","","","","","","","","","","","","","","","","","","","","","","","","","","","","","","","","","","","","","","","","","","","","","","","","","","","","","","","","","","","","27.7","","","","","",
"Latin America & Caribbean","LCN","Mortality rate attributed to household and ambient air pollution, age-standardized (per 100,000 population)","SH.STA.AIRP.P5","","","","","","","","","","","","","","","","","","","","","","","","","","","","","","","","","","","","","","","","","","","","","","","","","","","","","","","","","","","","41.0646854316018","","","","","",
"Least developed countries: UN classification","LDC","Mortality rate attributed to household and ambient air pollution, age-standardized (per 100,000 population)","SH.STA.AIRP.P5","","","","","","","","","","","","","","","","","","","","","","","","","","","","","","","","","","","","","","","","","","","","","","","","","","","","","","","","","","","","175.981216880899","","","","","",
"Low income","LIC","Mortality rate attributed to household and ambient air pollution, age-standardized (per 100,000 population)","SH.STA.AIRP.P5","","","","","","","","","","","","","","","","","","","","","","","","","","","","","","","","","","","","","","","","","","","","","","","","","","","","","","","","","","","","195.923222339485","","","","","",
"Liechtenstein","LIE","Mortality rate attributed to household and ambient air pollution, age-standardized (per 100,000 population)","SH.STA.AIRP.P5","","","","","","","","","","","","","","","","","","","","","","","","","","","","","","","","","","","","","","","","","","","","","","","","","","","","","","","","","","","","","","","","","",
"Sri Lanka","LKA","Mortality rate attributed to household and ambient air pollution, age-standardized (per 100,000 population)","SH.STA.AIRP.P5","","","","","","","","","","","","","","","","","","","","","","","","","","","","","","","","","","","","","","","","","","","","","","","","","","","","","","","","","","","","91.6","","","","","",
"Lower middle income","LMC","Mortality rate attributed to household and ambient air pollution, age-standardized (per 100,000 population)","SH.STA.AIRP.P5","","","","","","","","","","","","","","","","","","","","","","","","","","","","","","","","","","","","","","","","","","","","","","","","","","","","","","","","","","","","147.956098310045","","","","","",
"Low & middle income","LMY","Mortality rate attributed to household and ambient air pollution, age-standardized (per 100,000 population)","SH.STA.AIRP.P5","","","","","","","","","","","","","","","","","","","","","","","","","","","","","","","","","","","","","","","","","","","","","","","","","","","","","","","","","","","","121.229216842789","","","","","",
"Lesotho","LSO","Mortality rate attributed to household and ambient air pollution, age-standardized (per 100,000 population)","SH.STA.AIRP.P5","","","","","","","","","","","","","","","","","","","","","","","","","","","","","","","","","","","","","","","","","","","","","","","","","","","","","","","","","","","","288.3","","","","","",
"Late-demographic dividend","LTE","Mortality rate attributed to household and ambient air pollution, age-standardized (per 100,000 population)","SH.STA.AIRP.P5","","","","","","","","","","","","","","","","","","","","","","","","","","","","","","","","","","","","","","","","","","","","","","","","","","","","","","","","","","","","82.479209448548","","","","","",
"Lithuania","LTU","Mortality rate attributed to household and ambient air pollution, age-standardized (per 100,000 population)","SH.STA.AIRP.P5","","","","","","","","","","","","","","","","","","","","","","","","","","","","","","","","","","","","","","","","","","","","","","","","","","","","","","","","","","","","38.8","","","","","",
"Luxembourg","LUX","Mortality rate attributed to household and ambient air pollution, age-standardized (per 100,000 population)","SH.STA.AIRP.P5","","","","","","","","","","","","","","","","","","","","","","","","","","","","","","","","","","","","","","","","","","","","","","","","","","","","","","","","","","","","12.5","","","","","",
"Latvia","LVA","Mortality rate attributed to household and ambient air pollution, age-standardized (per 100,000 population)","SH.STA.AIRP.P5","","","","","","","","","","","","","","","","","","","","","","","","","","","","","","","","","","","","","","","","","","","","","","","","","","","","","","","","","","","","40.1","","","","","",
"Macao SAR, China","MAC","Mortality rate attributed to household and ambient air pollution, age-standardized (per 100,000 population)","SH.STA.AIRP.P5","","","","","","","","","","","","","","","","","","","","","","","","","","","","","","","","","","","","","","","","","","","","","","","","","","","","","","","","","","","","","","","","","",
"St. Martin (French part)","MAF","Mortality rate attributed to household and ambient air pollution, age-standardized (per 100,000 population)","SH.STA.AIRP.P5","","","","","","","","","","","","","","","","","","","","","","","","","","","","","","","","","","","","","","","","","","","","","","","","","","","","","","","","","","","","","","","","","",
"Morocco","MAR","Mortality rate attributed to household and ambient air pollution, age-standardized (per 100,000 population)","SH.STA.AIRP.P5","","","","","","","","","","","","","","","","","","","","","","","","","","","","","","","","","","","","","","","","","","","","","","","","","","","","","","","","","","","","66.6","","","","","",
"Monaco","MCO","Mortality rate attributed to household and ambient air pollution, age-standardized (per 100,000 population)","SH.STA.AIRP.P5","","","","","","","","","","","","","","","","","","","","","","","","","","","","","","","","","","","","","","","","","","","","","","","","","","","","","","","","","","","","","","","","","",
"Moldova","MDA","Mortality rate attributed to household and ambient air pollution, age-standardized (per 100,000 population)","SH.STA.AIRP.P5","","","","","","","","","","","","","","","","","","","","","","","","","","","","","","","","","","","","","","","","","","","","","","","","","","","","","","","","","","","","68.9","","","","","",
"Madagascar","MDG","Mortality rate attributed to household and ambient air pollution, age-standardized (per 100,000 population)","SH.STA.AIRP.P5","","","","","","","","","","","","","","","","","","","","","","","","","","","","","","","","","","","","","","","","","","","","","","","","","","","","","","","","","","","","208","","","","","",
"Maldives","MDV","Mortality rate attributed to household and ambient air pollution, age-standardized (per 100,000 population)","SH.STA.AIRP.P5","","","","","","","","","","","","","","","","","","","","","","","","","","","","","","","","","","","","","","","","","","","","","","","","","","","","","","","","","","","","32","","","","","",
"Middle East, North Africa, Afghanistan & Pakistan","MEA","Mortality rate attributed to household and ambient air pollution, age-standardized (per 100,000 population)","SH.STA.AIRP.P5","","","","","","","","","","","","","","","","","","","","","","","","","","","","","","","","","","","","","","","","","","","","","","","","","","","","","","","","","","","","127.480639969079","","","","","",
"Mexico","MEX","Mortality rate attributed to household and ambient air pollution, age-standardized (per 100,000 population)","SH.STA.AIRP.P5","","","","","","","","","","","","","","","","","","","","","","","","","","","","","","","","","","","","","","","","","","","","","","","","","","","","","","","","","","","","44.7","","","","","",
"Marshall Islands","MHL","Mortality rate attributed to household and ambient air pollution, age-standardized (per 100,000 population)","SH.STA.AIRP.P5","","","","","","","","","","","","","","","","","","","","","","","","","","","","","","","","","","","","","","","","","","","","","","","","","","","","","","","","","","","","","","","","","",
"Middle income","MIC","Mortality rate attributed to household and ambient air pollution, age-standardized (per 100,000 population)","SH.STA.AIRP.P5","","","","","","","","","","","","","","","","","","","","","","","","","","","","","","","","","","","","","","","","","","","","","","","","","","","","","","","","","","","","114.077974678647","","","","","",
"North Macedonia","MKD","Mortality rate attributed to household and ambient air pollution, age-standardized (per 100,000 population)","SH.STA.AIRP.P5","","","","","","","","","","","","","","","","","","","","","","","","","","","","","","","","","","","","","","","","","","","","","","","","","","","","","","","","","","","","95.6","","","","","",
"Mali","MLI","Mortality rate attributed to household and ambient air pollution, age-standardized (per 100,000 population)","SH.STA.AIRP.P5","","","","","","","","","","","","","","","","","","","","","","","","","","","","","","","","","","","","","","","","","","","","","","","","","","","","","","","","","","","","167.1","","","","","",
"Malta","MLT","Mortality rate attributed to household and ambient air pollution, age-standardized (per 100,000 population)","SH.STA.AIRP.P5","","","","","","","","","","","","","","","","","","","","","","","","","","","","","","","","","","","","","","","","","","","","","","","","","","","","","","","","","","","","20.9","","","","","",
"Myanmar","MMR","Mortality rate attributed to household and ambient air pollution, age-standardized (per 100,000 population)","SH.STA.AIRP.P5","","","","","","","","","","","","","","","","","","","","","","","","","","","","","","","","","","","","","","","","","","","","","","","","","","","","","","","","","","","","184.1","","","","","",
"Middle East, North Africa, Afghanistan & Pakistan (excluding high income)","MNA","Mortality rate attributed to household and ambient air pollution, age-standardized (per 100,000 population)","SH.STA.AIRP.P5","","","","","","","","","","","","","","","","","","","","","","","","","","","","","","","","","","","","","","","","","","","","","","","","","","","","","","","","","","","","132.461520606076","","","","","",
"Montenegro","MNE","Mortality rate attributed to household and ambient air pollution, age-standardized (per 100,000 population)","SH.STA.AIRP.P5","","","","","","","","","","","","","","","","","","","","","","","","","","","","","","","","","","","","","","","","","","","","","","","","","","","","","","","","","","","","115.2","","","","","",
"Mongolia","MNG","Mortality rate attributed to household and ambient air pollution, age-standardized (per 100,000 population)","SH.STA.AIRP.P5","","","","","","","","","","","","","","","","","","","","","","","","","","","","","","","","","","","","","","","","","","","","","","","","","","","","","","","","","","","","214.7","","","","","",
"Northern Mariana Islands","MNP","Mortality rate attributed to household and ambient air pollution, age-standardized (per 100,000 population)","SH.STA.AIRP.P5","","","","","","","","","","","","","","","","","","","","","","","","","","","","","","","","","","","","","","","","","","","","","","","","","","","","","","","","","","","","","","","","","",
"Mozambique","MOZ","Mortality rate attributed to household and ambient air pollution, age-standardized (per 100,000 population)","SH.STA.AIRP.P5","","","","","","","","","","","","","","","","","","","","","","","","","","","","","","","","","","","","","","","","","","","","","","","","","","","","","","","","","","","","228.4","","","","","",
"Mauritania","MRT","Mortality rate attributed to household and ambient air pollution, age-standardized (per 100,000 population)","SH.STA.AIRP.P5","","","","","","","","","","","","","","","","","","","","","","","","","","","","","","","","","","","","","","","","","","","","","","","","","","","","","","","","","","","","128.4","","","","","",
"Mauritius","MUS","Mortality rate attributed to household and ambient air pollution, age-standardized (per 100,000 population)","SH.STA.AIRP.P5","","","","","","","","","","","","","","","","","","","","","","","","","","","","","","","","","","","","","","","","","","","","","","","","","","","","","","","","","","","","34.7","","","","","",
"Malawi","MWI","Mortality rate attributed to household and ambient air pollution, age-standardized (per 100,000 population)","SH.STA.AIRP.P5","","","","","","","","","","","","","","","","","","","","","","","","","","","","","","","","","","","","","","","","","","","","","","","","","","","","","","","","","","","","148.5","","","","","",
"Malaysia","MYS","Mortality rate attributed to household and ambient air pollution, age-standardized (per 100,000 population)","SH.STA.AIRP.P5","","","","","","","","","","","","","","","","","","","","","","","","","","","","","","","","","","","","","","","","","","","","","","","","","","","","","","","","","","","","76.5","","","","","",
"North America","NAC","Mortality rate attributed to household and ambient air pollution, age-standardized (per 100,000 population)","SH.STA.AIRP.P5","","","","","","","","","","","","","","","","","","","","","","","","","","","","","","","","","","","","","","","","","","","","","","","","","","","","","","","","","","","","13.5761693296771","","","","","",
"Namibia","NAM","Mortality rate attributed to household and ambient air pollution, age-standardized (per 100,000 population)","SH.STA.AIRP.P5","","","","","","","","","","","","","","","","","","","","","","","","","","","","","","","","","","","","","","","","","","","","","","","","","","","","","","","","","","","","142.5","","","","","",
"New Caledonia","NCL","Mortality rate attributed to household and ambient air pollution, age-standardized (per 100,000 population)","SH.STA.AIRP.P5","","","","","","","","","","","","","","","","","","","","","","","","","","","","","","","","","","","","","","","","","","","","","","","","","","","","","","","","","","","","","","","","","",
"Niger","NER","Mortality rate attributed to household and ambient air pollution, age-standardized (per 100,000 population)","SH.STA.AIRP.P5","","","","","","","","","","","","","","","","","","","","","","","","","","","","","","","","","","","","","","","","","","","","","","","","","","","","","","","","","","","","213.3","","","","","",
"Nigeria","NGA","Mortality rate attributed to household and ambient air pollution, age-standardized (per 100,000 population)","SH.STA.AIRP.P5","","","","","","","","","","","","","","","","","","","","","","","","","","","","","","","","","","","","","","","","","","","","","","","","","","","","","","","","","","","","165.2","","","","","",
"Nicaragua","NIC","Mortality rate attributed to household and ambient air pollution, age-standardized (per 100,000 population)","SH.STA.AIRP.P5","","","","","","","","","","","","","","","","","","","","","","","","","","","","","","","","","","","","","","","","","","","","","","","","","","","","","","","","","","","","84.4","","","","","",
"Netherlands","NLD","Mortality rate attributed to household and ambient air pollution, age-standardized (per 100,000 population)","SH.STA.AIRP.P5","","","","","","","","","","","","","","","","","","","","","","","","","","","","","","","","","","","","","","","","","","","","","","","","","","","","","","","","","","","","13.1","","","","","",
"Norway","NOR","Mortality rate attributed to household and ambient air pollution, age-standardized (per 100,000 population)","SH.STA.AIRP.P5","","","","","","","","","","","","","","","","","","","","","","","","","","","","","","","","","","","","","","","","","","","","","","","","","","","","","","","","","","","","7.9","","","","","",
"Nepal","NPL","Mortality rate attributed to household and ambient air pollution, age-standardized (per 100,000 population)","SH.STA.AIRP.P5","","","","","","","","","","","","","","","","","","","","","","","","","","","","","","","","","","","","","","","","","","","","","","","","","","","","","","","","","","","","177.9","","","","","",
"Nauru","NRU","Mortality rate attributed to household and ambient air pollution, age-standardized (per 100,000 population)","SH.STA.AIRP.P5","","","","","","","","","","","","","","","","","","","","","","","","","","","","","","","","","","","","","","","","","","","","","","","","","","","","","","","","","","","","","","","","","",
"New Zealand","NZL","Mortality rate attributed to household and ambient air pollution, age-standardized (per 100,000 population)","SH.STA.AIRP.P5","","","","","","","","","","","","","","","","","","","","","","","","","","","","","","","","","","","","","","","","","","","","","","","","","","","","","","","","","","","","12.2","","","","","",
"OECD members","OED","Mortality rate attributed to household and ambient air pollution, age-standardized (per 100,000 population)","SH.STA.AIRP.P5","","","","","","","","","","","","","","","","","","","","","","","","","","","","","","","","","","","","","","","","","","","","","","","","","","","","","","","","","","","","20.141287850931","","","","","",
"Oman","OMN","Mortality rate attributed to household and ambient air pollution, age-standardized (per 100,000 population)","SH.STA.AIRP.P5","","","","","","","","","","","","","","","","","","","","","","","","","","","","","","","","","","","","","","","","","","","","","","","","","","","","","","","","","","","","104","","","","","",
"Other small states","OSS","Mortality rate attributed to household and ambient air pollution, age-standardized (per 100,000 population)","SH.STA.AIRP.P5","","","","","","","","","","","","","","","","","","","","","","","","","","","","","","","","","","","","","","","","","","","","","","","","","","","","","","","","","","","","92.4358636685935","","","","","",
"Pakistan","PAK","Mortality rate attributed to household and ambient air pollution, age-standardized (per 100,000 population)","SH.STA.AIRP.P5","","","","","","","","","","","","","","","","","","","","","","","","","","","","","","","","","","","","","","","","","","","","","","","","","","","","","","","","","","","","192.1","","","","","",
"Panama","PAN","Mortality rate attributed to household and ambient air pollution, age-standardized (per 100,000 population)","SH.STA.AIRP.P5","","","","","","","","","","","","","","","","","","","","","","","","","","","","","","","","","","","","","","","","","","","","","","","","","","","","","","","","","","","","27.3","","","","","",
"Peru","PER","Mortality rate attributed to household and ambient air pollution, age-standardized (per 100,000 population)","SH.STA.AIRP.P5","","","","","","","","","","","","","","","","","","","","","","","","","","","","","","","","","","","","","","","","","","","","","","","","","","","","","","","","","","","","37.9","","","","","",
"Philippines","PHL","Mortality rate attributed to household and ambient air pollution, age-standardized (per 100,000 population)","SH.STA.AIRP.P5","","","","","","","","","","","","","","","","","","","","","","","","","","","","","","","","","","","","","","","","","","","","","","","","","","","","","","","","","","","","202.8","","","","","",
"Palau","PLW","Mortality rate attributed to household and ambient air pollution, age-standardized (per 100,000 population)","SH.STA.AIRP.P5","","","","","","","","","","","","","","","","","","","","","","","","","","","","","","","","","","","","","","","","","","","","","","","","","","","","","","","","","","","","","","","","","",
"Papua New Guinea","PNG","Mortality rate attributed to household and ambient air pollution, age-standardized (per 100,000 population)","SH.STA.AIRP.P5","","","","","","","","","","","","","","","","","","","","","","","","","","","","","","","","","","","","","","","","","","","","","","","","","","","","","","","","","","","","189.6","","","","","",
"Poland","POL","Mortality rate attributed to household and ambient air pollution, age-standardized (per 100,000 population)","SH.STA.AIRP.P5","","","","","","","","","","","","","","","","","","","","","","","","","","","","","","","","","","","","","","","","","","","","","","","","","","","","","","","","","","","","40.9","","","","","",
"Pre-demographic dividend","PRE","Mortality rate attributed to household and ambient air pollution, age-standardized (per 100,000 population)","SH.STA.AIRP.P5","","","","","","","","","","","","","","","","","","","","","","","","","","","","","","","","","","","","","","","","","","","","","","","","","","","","","","","","","","","","176.813388117854","","","","","",
"Puerto Rico (US)","PRI","Mortality rate attributed to household and ambient air pollution, age-standardized (per 100,000 population)","SH.STA.AIRP.P5","","","","","","","","","","","","","","","","","","","","","","","","","","","","","","","","","","","","","","","","","","","","","","","","","","","","","","","","","","","","","","","","","",
"Korea, Dem. People's Rep.","PRK","Mortality rate attributed to household and ambient air pollution, age-standardized (per 100,000 population)","SH.STA.AIRP.P5","","","","","","","","","","","","","","","","","","","","","","","","","","","","","","","","","","","","","","","","","","","","","","","","","","","","","","","","","","","","212.8","","","","","",
"Portugal","PRT","Mortality rate attributed to household and ambient air pollution, age-standardized (per 100,000 population)","SH.STA.AIRP.P5","","","","","","","","","","","","","","","","","","","","","","","","","","","","","","","","","","","","","","","","","","","","","","","","","","","","","","","","","","","","10","","","","","",
"Paraguay","PRY","Mortality rate attributed to household and ambient air pollution, age-standardized (per 100,000 population)","SH.STA.AIRP.P5","","","","","","","","","","","","","","","","","","","","","","","","","","","","","","","","","","","","","","","","","","","","","","","","","","","","","","","","","","","","55.6","","","","","",
"West Bank and Gaza","PSE","Mortality rate attributed to household and ambient air pollution, age-standardized (per 100,000 population)","SH.STA.AIRP.P5","","","","","","","","","","","","","","","","","","","","","","","","","","","","","","","","","","","","","","","","","","","","","","","","","","","","","","","","","","","","","","","","","",
"Pacific island small states","PSS","Mortality rate attributed to household and ambient air pollution, age-standardized (per 100,000 population)","SH.STA.AIRP.P5","","","","","","","","","","","","","","","","","","","","","","","","","","","","","","","","","","","","","","","","","","","","","","","","","","","","","","","","","","","","194.73726608183","","","","","",
"Post-demographic dividend","PST","Mortality rate attributed to household and ambient air pollution, age-standardized (per 100,000 population)","SH.STA.AIRP.P5","","","","","","","","","","","","","","","","","","","","","","","","","","","","","","","","","","","","","","","","","","","","","","","","","","","","","","","","","","","","17.9211768811084","","","","","",
"French Polynesia","PYF","Mortality rate attributed to household and ambient air pollution, age-standardized (per 100,000 population)","SH.STA.AIRP.P5","","","","","","","","","","","","","","","","","","","","","","","","","","","","","","","","","","","","","","","","","","","","","","","","","","","","","","","","","","","","","","","","","",
"Qatar","QAT","Mortality rate attributed to household and ambient air pollution, age-standardized (per 100,000 population)","SH.STA.AIRP.P5","","","","","","","","","","","","","","","","","","","","","","","","","","","","","","","","","","","","","","","","","","","","","","","","","","","","","","","","","","","","90.8","","","","","",
"Romania","ROU","Mortality rate attributed to household and ambient air pollution, age-standardized (per 100,000 population)","SH.STA.AIRP.P5","","","","","","","","","","","","","","","","","","","","","","","","","","","","","","","","","","","","","","","","","","","","","","","","","","","","","","","","","","","","67.8","","","","","",
"Russian Federation","RUS","Mortality rate attributed to household and ambient air pollution, age-standardized (per 100,000 population)","SH.STA.AIRP.P5","","","","","","","","","","","","","","","","","","","","","","","","","","","","","","","","","","","","","","","","","","","","","","","","","","","","","","","","","","","","67.1","","","","","",
"Rwanda","RWA","Mortality rate attributed to household and ambient air pollution, age-standardized (per 100,000 population)","SH.STA.AIRP.P5","","","","","","","","","","","","","","","","","","","","","","","","","","","","","","","","","","","","","","","","","","","","","","","","","","","","","","","","","","","","165.8","","","","","",
"South Asia","SAS","Mortality rate attributed to household and ambient air pollution, age-standardized (per 100,000 population)","SH.STA.AIRP.P5","","","","","","","","","","","","","","","","","","","","","","","","","","","","","","","","","","","","","","","","","","","","","","","","","","","","","","","","","","","","139.753857800737","","","","","",
"Saudi Arabia","SAU","Mortality rate attributed to household and ambient air pollution, age-standardized (per 100,000 population)","SH.STA.AIRP.P5","","","","","","","","","","","","","","","","","","","","","","","","","","","","","","","","","","","","","","","","","","","","","","","","","","","","","","","","","","","","91.1","","","","","",
"Sudan","SDN","Mortality rate attributed to household and ambient air pollution, age-standardized (per 100,000 population)","SH.STA.AIRP.P5","","","","","","","","","","","","","","","","","","","","","","","","","","","","","","","","","","","","","","","","","","","","","","","","","","","","","","","","","","","","145.3","","","","","",
"Senegal","SEN","Mortality rate attributed to household and ambient air pollution, age-standardized (per 100,000 population)","SH.STA.AIRP.P5","","","","","","","","","","","","","","","","","","","","","","","","","","","","","","","","","","","","","","","","","","","","","","","","","","","","","","","","","","","","146.4","","","","","",
"Singapore","SGP","Mortality rate attributed to household and ambient air pollution, age-standardized (per 100,000 population)","SH.STA.AIRP.P5","","","","","","","","","","","","","","","","","","","","","","","","","","","","","","","","","","","","","","","","","","","","","","","","","","","","","","","","","","","","23.4","","","","","",
"Solomon Islands","SLB","Mortality rate attributed to household and ambient air pollution, age-standardized (per 100,000 population)","SH.STA.AIRP.P5","","","","","","","","","","","","","","","","","","","","","","","","","","","","","","","","","","","","","","","","","","","","","","","","","","","","","","","","","","","","281.2","","","","","",
"Sierra Leone","SLE","Mortality rate attributed to household and ambient air pollution, age-standardized (per 100,000 population)","SH.STA.AIRP.P5","","","","","","","","","","","","","","","","","","","","","","","","","","","","","","","","","","","","","","","","","","","","","","","","","","","","","","","","","","","","239","","","","","",
"El Salvador","SLV","Mortality rate attributed to household and ambient air pollution, age-standardized (per 100,000 population)","SH.STA.AIRP.P5","","","","","","","","","","","","","","","","","","","","","","","","","","","","","","","","","","","","","","","","","","","","","","","","","","","","","","","","","","","","40.3","","","","","",
"San Marino","SMR","Mortality rate attributed to household and ambient air pollution, age-standardized (per 100,000 population)","SH.STA.AIRP.P5","","","","","","","","","","","","","","","","","","","","","","","","","","","","","","","","","","","","","","","","","","","","","","","","","","","","","","","","","","","","","","","","","",
"Somalia, Fed. Rep.","SOM","Mortality rate attributed to household and ambient air pollution, age-standardized (per 100,000 population)","SH.STA.AIRP.P5","","","","","","","","","","","","","","","","","","","","","","","","","","","","","","","","","","","","","","","","","","","","","","","","","","","","","","","","","","","","237.9","","","","","",
"Serbia","SRB","Mortality rate attributed to household and ambient air pollution, age-standardized (per 100,000 population)","SH.STA.AIRP.P5","","","","","","","","","","","","","","","","","","","","","","","","","","","","","","","","","","","","","","","","","","","","","","","","","","","","","","","","","","","","71.5","","","","","",
"Sub-Saharan Africa (excluding high income)","SSA","Mortality rate attributed to household and ambient air pollution, age-standardized (per 100,000 population)","SH.STA.AIRP.P5","","","","","","","","","","","","","","","","","","","","","","","","","","","","","","","","","","","","","","","","","","","","","","","","","","","","","","","","","","","","171.292096963615","","","","","",
"South Sudan","SSD","Mortality rate attributed to household and ambient air pollution, age-standardized (per 100,000 population)","SH.STA.AIRP.P5","","","","","","","","","","","","","","","","","","","","","","","","","","","","","","","","","","","","","","","","","","","","","","","","","","","","","","","","","","","","134.5","","","","","",
"Sub-Saharan Africa","SSF","Mortality rate attributed to household and ambient air pollution, age-standardized (per 100,000 population)","SH.STA.AIRP.P5","","","","","","","","","","","","","","","","","","","","","","","","","","","","","","","","","","","","","","","","","","","","","","","","","","","","","","","","","","","","168.356267195049","","","","","",
"Small states","SST","Mortality rate attributed to household and ambient air pollution, age-standardized (per 100,000 population)","SH.STA.AIRP.P5","","","","","","","","","","","","","","","","","","","","","","","","","","","","","","","","","","","","","","","","","","","","","","","","","","","","","","","","","","","","94.0238043519834","","","","","",
"Sao Tome and Principe","STP","Mortality rate attributed to household and ambient air pollution, age-standardized (per 100,000 population)","SH.STA.AIRP.P5","","","","","","","","","","","","","","","","","","","","","","","","","","","","","","","","","","","","","","","","","","","","","","","","","","","","","","","","","","","","225.4","","","","","",
"Suriname","SUR","Mortality rate attributed to household and ambient air pollution, age-standardized (per 100,000 population)","SH.STA.AIRP.P5","","","","","","","","","","","","","","","","","","","","","","","","","","","","","","","","","","","","","","","","","","","","","","","","","","","","","","","","","","","","51","","","","","",
"Slovak Republic","SVK","Mortality rate attributed to household and ambient air pollution, age-standardized (per 100,000 population)","SH.STA.AIRP.P5","","","","","","","","","","","","","","","","","","","","","","","","","","","","","","","","","","","","","","","","","","","","","","","","","","","","","","","","","","","","30.3","","","","","",
"Slovenia","SVN","Mortality rate attributed to household and ambient air pollution, age-standardized (per 100,000 population)","SH.STA.AIRP.P5","","","","","","","","","","","","","","","","","","","","","","","","","","","","","","","","","","","","","","","","","","","","","","","","","","","","","","","","","","","","18.8","","","","","",
"Sweden","SWE","Mortality rate attributed to household and ambient air pollution, age-standardized (per 100,000 population)","SH.STA.AIRP.P5","","","","","","","","","","","","","","","","","","","","","","","","","","","","","","","","","","","","","","","","","","","","","","","","","","","","","","","","","","","","8.1","","","","","",
"Eswatini","SWZ","Mortality rate attributed to household and ambient air pollution, age-standardized (per 100,000 population)","SH.STA.AIRP.P5","","","","","","","","","","","","","","","","","","","","","","","","","","","","","","","","","","","","","","","","","","","","","","","","","","","","","","","","","","","","173.7","","","","","",
"Sint Maarten (Dutch part)","SXM","Mortality rate attributed to household and ambient air pollution, age-standardized (per 100,000 population)","SH.STA.AIRP.P5","","","","","","","","","","","","","","","","","","","","","","","","","","","","","","","","","","","","","","","","","","","","","","","","","","","","","","","","","","","","","","","","","",
"Seychelles","SYC","Mortality rate attributed to household and ambient air pollution, age-standardized (per 100,000 population)","SH.STA.AIRP.P5","","","","","","","","","","","","","","","","","","","","","","","","","","","","","","","","","","","","","","","","","","","","","","","","","","","","","","","","","","","","43.1","","","","","",
"Syrian Arab Republic","SYR","Mortality rate attributed to household and ambient air pollution, age-standardized (per 100,000 population)","SH.STA.AIRP.P5","","","","","","","","","","","","","","","","","","","","","","","","","","","","","","","","","","","","","","","","","","","","","","","","","","","","","","","","","","","","94.5","","","","","",
"Turks and Caicos Islands","TCA","Mortality rate attributed to household and ambient air pollution, age-standardized (per 100,000 population)","SH.STA.AIRP.P5","","","","","","","","","","","","","","","","","","","","","","","","","","","","","","","","","","","","","","","","","","","","","","","","","","","","","","","","","","","","","","","","","",
"Chad","TCD","Mortality rate attributed to household and ambient air pollution, age-standardized (per 100,000 population)","SH.STA.AIRP.P5","","","","","","","","","","","","","","","","","","","","","","","","","","","","","","","","","","","","","","","","","","","","","","","","","","","","","","","","","","","","227.4","","","","","",
"East Asia & Pacific (IDA & IBRD countries)","TEA","Mortality rate attributed to household and ambient air pollution, age-standardized (per 100,000 population)","SH.STA.AIRP.P5","","","","","","","","","","","","","","","","","","","","","","","","","","","","","","","","","","","","","","","","","","","","","","","","","","","","","","","","","","","","103.410042138667","","","","","",
"Europe & Central Asia (IDA & IBRD countries)","TEC","Mortality rate attributed to household and ambient air pollution, age-standardized (per 100,000 population)","SH.STA.AIRP.P5","","","","","","","","","","","","","","","","","","","","","","","","","","","","","","","","","","","","","","","","","","","","","","","","","","","","","","","","","","","","74.9142910859952","","","","","",
"Togo","TGO","Mortality rate attributed to household and ambient air pollution, age-standardized (per 100,000 population)","SH.STA.AIRP.P5","","","","","","","","","","","","","","","","","","","","","","","","","","","","","","","","","","","","","","","","","","","","","","","","","","","","","","","","","","","","223.1","","","","","",
"Thailand","THA","Mortality rate attributed to household and ambient air pollution, age-standardized (per 100,000 population)","SH.STA.AIRP.P5","","","","","","","","","","","","","","","","","","","","","","","","","","","","","","","","","","","","","","","","","","","","","","","","","","","","","","","","","","","","46.5","","","","","",
"Tajikistan","TJK","Mortality rate attributed to household and ambient air pollution, age-standardized (per 100,000 population)","SH.STA.AIRP.P5","","","","","","","","","","","","","","","","","","","","","","","","","","","","","","","","","","","","","","","","","","","","","","","","","","","","","","","","","","","","203.8","","","","","",
"Turkmenistan","TKM","Mortality rate attributed to household and ambient air pollution, age-standardized (per 100,000 population)","SH.STA.AIRP.P5","","","","","","","","","","","","","","","","","","","","","","","","","","","","","","","","","","","","","","","","","","","","","","","","","","","","","","","","","","","","87.9","","","","","",
"Latin America & the Caribbean (IDA & IBRD countries)","TLA","Mortality rate attributed to household and ambient air pollution, age-standardized (per 100,000 population)","SH.STA.AIRP.P5","","","","","","","","","","","","","","","","","","","","","","","","","","","","","","","","","","","","","","","","","","","","","","","","","","","","","","","","","","","","41.0690744511725","","","","","",
"Timor-Leste","TLS","Mortality rate attributed to household and ambient air pollution, age-standardized (per 100,000 population)","SH.STA.AIRP.P5","","","","","","","","","","","","","","","","","","","","","","","","","","","","","","","","","","","","","","","","","","","","","","","","","","","","","","","","","","","","185.6","","","","","",
"Middle East, North Africa, Afghanistan & Pakistan (IDA & IBRD)","TMN","Mortality rate attributed to household and ambient air pollution, age-standardized (per 100,000 population)","SH.STA.AIRP.P5","","","","","","","","","","","","","","","","","","","","","","","","","","","","","","","","","","","","","","","","","","","","","","","","","","","","","","","","","","","","132.461520606076","","","","","",
"Tonga","TON","Mortality rate attributed to household and ambient air pollution, age-standardized (per 100,000 population)","SH.STA.AIRP.P5","","","","","","","","","","","","","","","","","","","","","","","","","","","","","","","","","","","","","","","","","","","","","","","","","","","","","","","","","","","","52.3","","","","","",
"South Asia (IDA & IBRD)","TSA","Mortality rate attributed to household and ambient air pollution, age-standardized (per 100,000 population)","SH.STA.AIRP.P5","","","","","","","","","","","","","","","","","","","","","","","","","","","","","","","","","","","","","","","","","","","","","","","","","","","","","","","","","","","","139.753857800737","","","","","",
"Sub-Saharan Africa (IDA & IBRD countries)","TSS","Mortality rate attributed to household and ambient air pollution, age-standardized (per 100,000 population)","SH.STA.AIRP.P5","","","","","","","","","","","","","","","","","","","","","","","","","","","","","","","","","","","","","","","","","","","","","","","","","","","","","","","","","","","","168.356267195049","","","","","",
"Trinidad and Tobago","TTO","Mortality rate attributed to household and ambient air pollution, age-standardized (per 100,000 population)","SH.STA.AIRP.P5","","","","","","","","","","","","","","","","","","","","","","","","","","","","","","","","","","","","","","","","","","","","","","","","","","","","","","","","","","","","19.8","","","","","",
"Tunisia","TUN","Mortality rate attributed to household and ambient air pollution, age-standardized (per 100,000 population)","SH.STA.AIRP.P5","","","","","","","","","","","","","","","","","","","","","","","","","","","","","","","","","","","","","","","","","","","","","","","","","","","","","","","","","","","","55.9","","","","","",
"Turkiye","TUR","Mortality rate attributed to household and ambient air pollution, age-standardized (per 100,000 population)","SH.STA.AIRP.P5","","","","","","","","","","","","","","","","","","","","","","","","","","","","","","","","","","","","","","","","","","","","","","","","","","","","","","","","","","","","45.5","","","","","",
"Tuvalu","TUV","Mortality rate attributed to household and ambient air pollution, age-standardized (per 100,000 population)","SH.STA.AIRP.P5","","","","","","","","","","","","","","","","","","","","","","","","","","","","","","","","","","","","","","","","","","","","","","","","","","","","","","","","","","","","","","","","","",
"Tanzania","TZA","Mortality rate attributed to household and ambient air pollution, age-standardized (per 100,000 population)","SH.STA.AIRP.P5","","","","","","","","","","","","","","","","","","","","","","","","","","","","","","","","","","","","","","","","","","","","","","","","","","","","","","","","","","","","128.3","","","","","",
"Uganda","UGA","Mortality rate attributed to household and ambient air pollution, age-standardized (per 100,000 population)","SH.STA.AIRP.P5","","","","","","","","","","","","","","","","","","","","","","","","","","","","","","","","","","","","","","","","","","","","","","","","","","","","","","","","","","","","163","","","","","",
"Ukraine","UKR","Mortality rate attributed to household and ambient air pollution, age-standardized (per 100,000 population)","SH.STA.AIRP.P5","","","","","","","","","","","","","","","","","","","","","","","","","","","","","","","","","","","","","","","","","","","","","","","","","","","","","","","","","","","","78.9","","","","","",
"Upper middle income","UMC","Mortality rate attributed to household and ambient air pollution, age-standardized (per 100,000 population)","SH.STA.AIRP.P5","","","","","","","","","","","","","","","","","","","","","","","","","","","","","","","","","","","","","","","","","","","","","","","","","","","","","","","","","","","","78.2957572475136","","","","","",
"Uruguay","URY","Mortality rate attributed to household and ambient air pollution, age-standardized (per 100,000 population)","SH.STA.AIRP.P5","","","","","","","","","","","","","","","","","","","","","","","","","","","","","","","","","","","","","","","","","","","","","","","","","","","","","","","","","","","","16.2","","","","","",
"United States","USA","Mortality rate attributed to household and ambient air pollution, age-standardized (per 100,000 population)","SH.STA.AIRP.P5","","","","","","","","","","","","","","","","","","","","","","","","","","","","","","","","","","","","","","","","","","","","","","","","","","","","","","","","","","","","14.2","","","","","",
"Uzbekistan","UZB","Mortality rate attributed to household and ambient air pollution, age-standardized (per 100,000 population)","SH.STA.AIRP.P5","","","","","","","","","","","","","","","","","","","","","","","","","","","","","","","","","","","","","","","","","","","","","","","","","","","","","","","","","","","","151.7","","","","","",
"St. Vincent and the Grenadines","VCT","Mortality rate attributed to household and ambient air pollution, age-standardized (per 100,000 population)","SH.STA.AIRP.P5","","","","","","","","","","","","","","","","","","","","","","","","","","","","","","","","","","","","","","","","","","","","","","","","","","","","","","","","","","","","34.4","","","","","",
"Venezuela, RB","VEN","Mortality rate attributed to household and ambient air pollution, age-standardized (per 100,000 population)","SH.STA.AIRP.P5","","","","","","","","","","","","","","","","","","","","","","","","","","","","","","","","","","","","","","","","","","","","","","","","","","","","","","","","","","","","37.9","","","","","",
"British Virgin Islands","VGB","Mortality rate attributed to household and ambient air pollution, age-standardized (per 100,000 population)","SH.STA.AIRP.P5","","","","","","","","","","","","","","","","","","","","","","","","","","","","","","","","","","","","","","","","","","","","","","","","","","","","","","","","","","","","","","","","","",
"Virgin Islands (U.S.)","VIR","Mortality rate attributed to household and ambient air pollution, age-standardized (per 100,000 population)","SH.STA.AIRP.P5","","","","","","","","","","","","","","","","","","","","","","","","","","","","","","","","","","","","","","","","","","","","","","","","","","","","","","","","","","","","","","","","","",
"Viet Nam","VNM","Mortality rate attributed to household and ambient air pollution, age-standardized (per 100,000 population)","SH.STA.AIRP.P5","","","","","","","","","","","","","","","","","","","","","","","","","","","","","","","","","","","","","","","","","","","","","","","","","","","","","","","","","","","","102.8","","","","","",
"Vanuatu","VUT","Mortality rate attributed to household and ambient air pollution, age-standardized (per 100,000 population)","SH.STA.AIRP.P5","","","","","","","","","","","","","","","","","","","","","","","","","","","","","","","","","","","","","","","","","","","","","","","","","","","","","","","","","","","","259.9","","","","","",
"World","WLD","Mortality rate attributed to household and ambient air pollution, age-standardized (per 100,000 population)","SH.STA.AIRP.P5","","","","","","","","","","","","","","","","","","","","","","","","","","","","","","","","","","","","","","","","","","","","","","","","","","","","","","","","","","","","104.306321873448","","","","","",
"Samoa","WSM","Mortality rate attributed to household and ambient air pollution, age-standardized (per 100,000 population)","SH.STA.AIRP.P5","","","","","","","","","","","","","","","","","","","","","","","","","","","","","","","","","","","","","","","","","","","","","","","","","","","","","","","","","","","","145.5","","","","","",
"Kosovo","XKX","Mortality rate attributed to household and ambient air pollution, age-standardized (per 100,000 population)","SH.STA.AIRP.P5","","","","","","","","","","","","","","","","","","","","","","","","","","","","","","","","","","","","","","","","","","","","","","","","","","","","","","","","","","","","","","","","","",
"Yemen, Rep.","YEM","Mortality rate attributed to household and ambient air pollution, age-standardized (per 100,000 population)","SH.STA.AIRP.P5","","","","","","","","","","","","","","","","","","","","","","","","","","","","","","","","","","","","","","","","","","","","","","","","","","","","","","","","","","","","186.3","","","","","",
"South Africa","ZAF","Mortality rate attributed to household and ambient air pollution, age-standardized (per 100,000 population)","SH.STA.AIRP.P5","","","","","","","","","","","","","","","","","","","","","","","","","","","","","","","","","","","","","","","","","","","","","","","","","","","","","","","","","","","","74.9","","","","","",
"Zambia","ZMB","Mortality rate attributed to household and ambient air pollution, age-standardized (per 100,000 population)","SH.STA.AIRP.P5","","","","","","","","","","","","","","","","","","","","","","","","","","","","","","","","","","","","","","","","","","","","","","","","","","","","","","","","","","","","174","","","","","",
"Zimbabwe","ZWE","Mortality rate attributed to household and ambient air pollution, age-standardized (per 100,000 population)","SH.STA.AIRP.P5","","","","","","","","","","","","","","","","","","","","","","","","","","","","","","","","","","","","","","","","","","","","","","","","","","","","","","","","","","","","189.6","","","","","",
